clonesize,honeybee,bumbles,andrena,osmia,MaxOfUpperTRange,RainingDays,yield
37.5,0.75,0.25,0.25,0.25,86.0,16.0,3813.165795
37.5,0.75,0.25,0.25,0.25,86.0,1.0,4947.605663
37.5,0.75,0.25,0.25,0.25,94.6,16.0,3866.798965
37.5,0.75,0.25,0.25,0.25,94.6,1.0,4303.94303
37.5,0.75,0.25,0.25,0.25,86.0,24.0,3436.493543
37.5,0.75,0.25,0.25,0.25,86.0,34.0,2825.003738
37.5,0.75,0.25,0.25,0.25,94.6,24.0,2625.269164
37.5,0.75,0.25,0.25,0.25,94.6,34.0,2379.905214
37.5,0.75,0.25,0.25,0.25,77.4,16.0,4234.868585
37.5,0.75,0.25,0.25,0.25,77.4,1.0,5356.871861
37.5,0.75,0.25,0.25,0.25,69.7,16.0,4057.555205
37.5,0.25,0.25,0.25,0.25,86.0,16.0,3941.255122
37.5,0.25,0.25,0.25,0.25,86.0,1.0,4768.594369
37.5,0.25,0.25,0.25,0.25,94.6,16.0,3720.711588
37.5,0.25,0.25,0.25,0.25,94.6,1.0,3900.344042
37.5,0.25,0.25,0.25,0.25,86.0,24.0,3387.785165
37.5,0.25,0.25,0.25,0.25,86.0,34.0,2688.028831
37.5,0.25,0.25,0.25,0.25,94.6,24.0,2508.375673
37.5,0.25,0.25,0.25,0.25,94.6,34.0,1945.530615
37.5,0.25,0.25,0.25,0.25,77.4,16.0,4310.625398
37.5,0.25,0.25,0.25,0.25,77.4,1.0,4830.959809
37.5,0.25,0.25,0.25,0.25,69.7,16.0,3911.422247
37.5,0.25,0.25,0.25,0.25,69.7,1.0,4051.551293
37.5,0.25,0.25,0.25,0.25,77.4,24.0,3837.512961
37.5,0.25,0.25,0.25,0.25,77.4,34.0,3269.271761
25.0,0.25,0.25,0.25,0.25,86.0,16.0,4503.161856
25.0,0.25,0.25,0.25,0.25,86.0,1.0,5126.993178
25.0,0.25,0.25,0.25,0.25,94.6,16.0,4248.355054
25.0,0.25,0.25,0.25,0.25,94.6,1.0,4476.811464
25.0,0.25,0.25,0.25,0.25,86.0,24.0,3662.183125
25.0,0.25,0.25,0.25,0.25,86.0,34.0,2988.05944
25.0,0.25,0.25,0.25,0.25,94.6,24.0,3049.260316
25.0,0.25,0.25,0.25,0.25,94.6,34.0,2384.728916
25.0,0.25,0.25,0.25,0.25,77.4,16.0,4898.835857
25.0,0.25,0.25,0.25,0.25,77.4,1.0,5831.7066
25.0,0.25,0.25,0.25,0.25,69.7,16.0,4334.841218
25.0,0.25,0.25,0.25,0.25,69.7,1.0,5246.521458
25.0,0.25,0.25,0.25,0.25,77.4,24.0,4356.945873
25.0,0.25,0.25,0.25,0.25,77.4,34.0,3822.981667
25.0,0.25,0.25,0.25,0.25,69.7,34.0,3182.698648
25.0,0.25,0.25,0.25,0.38,86.0,16.0,4870.625368
25.0,0.25,0.25,0.25,0.38,86.0,1.0,5739.924933
25.0,0.25,0.25,0.25,0.38,94.6,16.0,4546.786741
25.0,0.25,0.25,0.25,0.38,94.6,1.0,5360.873908
25.0,0.25,0.25,0.25,0.38,86.0,24.0,4045.479657
25.0,0.25,0.25,0.25,0.38,86.0,34.0,3385.364224
25.0,0.25,0.25,0.25,0.38,94.6,24.0,3385.148001
25.0,0.25,0.25,0.25,0.38,94.6,34.0,2452.680747
25.0,0.25,0.25,0.25,0.38,77.4,16.0,5221.357411
25.0,0.25,0.25,0.25,0.38,77.4,1.0,6318.708722
25.0,0.25,0.25,0.25,0.38,69.7,16.0,4705.626533
12.5,0.25,0.25,0.25,0.25,86.0,16.0,5996.078548
12.5,0.25,0.25,0.25,0.25,86.0,1.0,6691.043218
12.5,0.25,0.25,0.25,0.25,94.6,16.0,5501.878077
12.5,0.25,0.25,0.25,0.25,94.6,1.0,6010.760082
12.5,0.25,0.25,0.25,0.25,86.0,24.0,4999.156215
12.5,0.25,0.25,0.25,0.25,86.0,34.0,3968.330182
12.5,0.25,0.25,0.25,0.25,94.6,24.0,3784.119353
12.5,0.25,0.25,0.25,0.25,94.6,34.0,3139.432546
12.5,0.25,0.25,0.25,0.25,77.4,16.0,6125.695384
12.5,0.25,0.25,0.25,0.25,77.4,1.0,7041.380179
12.5,0.25,0.25,0.25,0.25,69.7,16.0,5876.960007
12.5,0.25,0.25,0.25,0.25,69.7,1.0,6244.195761
12.5,0.25,0.25,0.25,0.25,77.4,24.0,5556.372277
12.5,0.25,0.25,0.25,0.25,77.4,34.0,5086.609905
12.5,0.25,0.25,0.25,0.25,69.7,24.0,5482.081299
12.5,0.25,0.25,0.25,0.25,69.7,34.0,4247.508926
12.5,0.25,0.25,0.25,0.38,86.0,16.0,6578.235221
12.5,0.25,0.25,0.25,0.38,86.0,1.0,7267.28344
12.5,0.25,0.25,0.25,0.38,94.6,16.0,5746.777027
12.5,0.25,0.25,0.25,0.38,94.6,1.0,6564.958302
12.5,0.25,0.25,0.25,0.38,86.0,24.0,5347.718939
12.5,0.25,0.25,0.25,0.38,86.0,34.0,4350.42467
12.5,0.25,0.25,0.25,0.38,94.6,24.0,4177.015203
12.5,0.25,0.25,0.25,0.38,94.6,34.0,3496.352359
12.5,0.25,0.25,0.25,0.38,77.4,16.0,7016.89385
12.5,0.25,0.25,0.25,0.38,77.4,1.0,7570.48492
12.5,0.25,0.25,0.25,0.38,69.7,16.0,6198.064956
12.5,0.25,0.25,0.25,0.38,69.7,1.0,6801.323934
12.5,0.25,0.25,0.25,0.38,77.4,24.0,6030.980735
12.5,0.25,0.25,0.25,0.38,77.4,34.0,5728.748277
12.5,0.25,0.25,0.25,0.38,69.7,24.0,5647.712261
12.5,0.25,0.25,0.25,0.38,69.7,34.0,4667.724945
12.5,0.25,0.25,0.25,0.5,86.0,16.0,6986.809961
12.5,0.25,0.25,0.25,0.5,86.0,1.0,7660.886044
12.5,0.25,0.25,0.25,0.5,94.6,16.0,6626.506846
12.5,0.25,0.25,0.25,0.5,94.6,1.0,7122.490558
12.5,0.25,0.25,0.25,0.5,86.0,24.0,5852.874202
12.5,0.25,0.25,0.25,0.5,86.0,34.0,4684.893205
12.5,0.25,0.25,0.25,0.5,94.6,24.0,4590.823341
12.5,0.25,0.25,0.25,0.5,94.6,34.0,3708.205024
12.5,0.25,0.25,0.25,0.5,77.4,16.0,7022.189731
12.5,0.25,0.25,0.25,0.5,77.4,1.0,7825.874922
12.5,0.25,0.25,0.25,0.5,69.7,16.0,6394.077909
12.5,0.25,0.25,0.25,0.5,69.7,1.0,7152.132587
12.5,0.25,0.25,0.25,0.5,77.4,24.0,6475.894556
12.5,0.25,0.25,0.25,0.5,77.4,34.0,6093.315271
12.5,0.25,0.25,0.25,0.5,69.7,24.0,6254.829217
12.5,0.25,0.25,0.25,0.5,69.7,34.0,4868.211449
12.5,0.25,0.25,0.25,0.63,86.0,16.0,7451.725625
12.5,0.25,0.25,0.25,0.63,86.0,1.0,8263.289742
12.5,0.25,0.25,0.25,0.63,94.6,16.0,6960.107506
12.5,0.25,0.25,0.25,0.63,94.6,1.0,7301.106216
12.5,0.25,0.25,0.25,0.63,86.0,24.0,6443.256903
12.5,0.25,0.25,0.25,0.63,86.0,34.0,5150.942889
12.5,0.25,0.25,0.25,0.63,94.6,24.0,4853.807603
12.5,0.25,0.25,0.25,0.63,94.6,34.0,4068.350665
12.5,0.25,0.25,0.25,0.63,77.4,16.0,7502.24389
12.5,0.25,0.25,0.25,0.63,77.4,1.0,8174.463377
12.5,0.25,0.25,0.25,0.63,69.7,16.0,6898.390949
12.5,0.25,0.25,0.25,0.63,69.7,1.0,6870.342118
12.5,0.25,0.25,0.25,0.63,77.4,24.0,6808.263611
12.5,0.25,0.25,0.25,0.63,77.4,34.0,6400.022213
12.5,0.25,0.25,0.25,0.63,69.7,24.0,6480.80815
12.5,0.25,0.25,0.25,0.63,69.7,34.0,5063.851086
12.5,0.25,0.25,0.25,0.75,86.0,16.0,7924.516776
12.5,0.25,0.25,0.25,0.75,86.0,1.0,8247.521164
12.5,0.25,0.25,0.25,0.75,94.6,16.0,7230.132504
12.5,0.25,0.25,0.25,0.75,94.6,1.0,7945.187841
12.5,0.25,0.25,0.25,0.75,86.0,24.0,6673.303998
12.5,0.25,0.25,0.25,0.75,86.0,34.0,5217.139763
12.5,0.25,0.25,0.25,0.75,94.6,24.0,4905.498714
12.5,0.25,0.25,0.25,0.75,94.6,34.0,4357.822918
12.5,0.25,0.25,0.25,0.75,77.4,16.0,7829.514
12.5,0.25,0.25,0.25,0.75,77.4,1.0,8621.81568
12.5,0.25,0.25,0.25,0.75,69.7,16.0,6922.846792
12.5,0.25,0.25,0.25,0.75,69.7,1.0,7215.409709
12.5,0.25,0.25,0.25,0.75,77.4,24.0,7322.609141
12.5,0.25,0.25,0.25,0.75,77.4,34.0,7044.567605
12.5,0.25,0.25,0.25,0.75,69.7,24.0,6615.690061
12.5,0.25,0.25,0.25,0.75,69.7,34.0,5377.270863
12.5,0.25,0.25,0.38,0.25,86.0,16.0,6026.063649
12.5,0.25,0.25,0.38,0.25,86.0,1.0,6752.177036
12.5,0.25,0.25,0.38,0.25,94.6,16.0,5643.360448
12.5,0.25,0.25,0.38,0.25,94.6,1.0,6277.168674
12.5,0.25,0.25,0.38,0.25,86.0,24.0,5085.844733
12.5,0.25,0.25,0.38,0.25,86.0,34.0,4079.912436
12.5,0.25,0.25,0.38,0.25,94.6,24.0,4016.361596
12.5,0.25,0.25,0.38,0.25,94.6,34.0,3049.397713
12.5,0.25,0.25,0.38,0.25,77.4,16.0,6529.982317
12.5,0.25,0.25,0.38,0.25,77.4,1.0,7181.425216
12.5,0.25,0.25,0.38,0.25,69.7,16.0,5914.16491
12.5,0.25,0.25,0.38,0.25,69.7,1.0,6569.249674
12.5,0.25,0.25,0.38,0.25,77.4,24.0,5864.128447
12.5,0.25,0.25,0.38,0.25,77.4,34.0,5402.484081
12.5,0.25,0.25,0.38,0.25,69.7,24.0,5674.028523
12.5,0.25,0.25,0.38,0.25,69.7,34.0,4340.82151
12.5,0.25,0.25,0.38,0.38,86.0,16.0,6683.200614
12.5,0.25,0.25,0.38,0.38,86.0,1.0,7411.174571
12.5,0.25,0.25,0.38,0.38,94.6,16.0,5934.010884
12.5,0.25,0.25,0.38,0.38,94.6,1.0,6795.881873
12.5,0.25,0.25,0.38,0.38,86.0,24.0,5534.804936
12.5,0.25,0.25,0.38,0.38,86.0,34.0,4673.380523
12.5,0.25,0.25,0.38,0.38,94.6,24.0,4228.818878
12.5,0.25,0.25,0.38,0.38,94.6,34.0,3494.942958
12.5,0.25,0.25,0.38,0.38,77.4,16.0,7024.748359
12.5,0.25,0.25,0.38,0.38,77.4,1.0,7669.811819
12.5,0.25,0.25,0.38,0.38,69.7,16.0,6376.662565
12.5,0.25,0.25,0.38,0.38,69.7,1.0,6746.454602
12.5,0.25,0.25,0.38,0.38,77.4,24.0,6299.226358
12.5,0.25,0.25,0.38,0.38,77.4,34.0,5817.185275
12.5,0.25,0.25,0.38,0.38,69.7,24.0,5741.210297
12.5,0.25,0.25,0.38,0.38,69.7,34.0,4802.604302
12.5,0.25,0.25,0.38,0.5,86.0,16.0,7198.422854
12.5,0.25,0.25,0.38,0.5,86.0,1.0,7765.256323
12.5,0.25,0.25,0.38,0.5,94.6,16.0,6281.91711
12.5,0.25,0.25,0.38,0.5,94.6,1.0,6822.971627
12.5,0.25,0.25,0.38,0.5,86.0,24.0,6098.113172
12.5,0.25,0.25,0.38,0.5,86.0,34.0,4850.037463
12.5,0.25,0.25,0.38,0.5,94.6,24.0,4769.318273
12.5,0.25,0.25,0.38,0.5,94.6,34.0,3826.172262
12.5,0.25,0.25,0.38,0.5,77.4,16.0,7235.775645
12.5,0.25,0.25,0.38,0.5,77.4,1.0,7935.094765
12.5,0.25,0.25,0.38,0.5,69.7,16.0,6574.182468
12.5,0.25,0.25,0.38,0.5,69.7,1.0,7130.830014
12.5,0.25,0.25,0.38,0.5,77.4,24.0,6628.76363
12.5,0.25,0.25,0.38,0.5,77.4,34.0,6331.867217
12.5,0.25,0.25,0.38,0.5,69.7,24.0,6132.997934
12.5,0.25,0.25,0.38,0.5,69.7,34.0,4888.503031
12.5,0.25,0.25,0.38,0.63,86.0,16.0,7556.109909
12.5,0.25,0.25,0.38,0.63,86.0,1.0,8064.73881
12.5,0.25,0.25,0.38,0.63,94.6,16.0,7107.609758
12.5,0.25,0.25,0.38,0.63,94.6,1.0,7637.633381
12.5,0.25,0.25,0.38,0.63,86.0,24.0,6524.295322
12.5,0.25,0.25,0.38,0.63,86.0,34.0,5347.513929
12.5,0.25,0.25,0.38,0.63,94.6,24.0,5199.534037
12.5,0.25,0.25,0.38,0.63,94.6,34.0,4179.185917
12.5,0.25,0.25,0.38,0.63,77.4,16.0,7548.34706
12.5,0.25,0.25,0.38,0.63,77.4,1.0,8175.456195
12.5,0.25,0.25,0.38,0.63,69.7,16.0,6836.397281
12.5,0.25,0.25,0.38,0.63,69.7,1.0,7013.002812
12.5,0.25,0.25,0.38,0.63,77.4,24.0,6836.600814
12.5,0.25,0.25,0.38,0.63,77.4,34.0,6540.105445
12.5,0.25,0.25,0.38,0.63,69.7,24.0,6188.477141
12.5,0.25,0.25,0.38,0.63,69.7,34.0,5200.578495
12.5,0.25,0.25,0.38,0.75,86.0,16.0,7715.810883
12.5,0.25,0.25,0.38,0.75,86.0,1.0,8357.067222
12.5,0.25,0.25,0.38,0.75,94.6,16.0,7399.875886
12.5,0.25,0.25,0.38,0.75,94.6,1.0,7517.440772
12.5,0.25,0.25,0.38,0.75,86.0,24.0,6717.446272
12.5,0.25,0.25,0.38,0.75,86.0,34.0,5601.205307
12.5,0.25,0.25,0.38,0.75,94.6,24.0,5225.163069
12.5,0.25,0.25,0.38,0.75,94.6,34.0,4393.527431
12.5,0.25,0.25,0.38,0.75,77.4,16.0,7907.240674
12.5,0.25,0.25,0.38,0.75,77.4,1.0,8212.792891
12.5,0.25,0.25,0.38,0.75,69.7,16.0,6846.006857
12.5,0.25,0.25,0.38,0.75,69.7,1.0,7028.673498
12.5,0.25,0.25,0.38,0.75,77.4,24.0,7400.775379
12.5,0.25,0.25,0.38,0.75,77.4,34.0,7048.870716
12.5,0.25,0.25,0.38,0.75,69.7,24.0,6779.981658
12.5,0.25,0.25,0.38,0.75,69.7,34.0,5548.122012
12.5,0.25,0.25,0.5,0.5,86.0,16.0,7380.633803
12.5,0.25,0.25,0.5,0.5,86.0,1.0,7793.442058
12.5,0.25,0.25,0.5,0.5,94.6,16.0,7161.961901
12.5,0.25,0.25,0.5,0.5,94.6,1.0,7243.226111
12.5,0.25,0.25,0.5,0.5,86.0,24.0,6368.849821
12.5,0.25,0.25,0.5,0.5,86.0,34.0,4975.885376
12.5,0.25,0.25,0.5,0.5,94.6,24.0,4700.576149
12.5,0.25,0.25,0.5,0.5,94.6,34.0,3804.610168
12.5,0.25,0.25,0.5,0.5,77.4,16.0,7159.336664
12.5,0.25,0.25,0.5,0.5,77.4,1.0,7933.302352
12.5,0.25,0.25,0.5,0.5,69.7,16.0,6539.11085
12.5,0.25,0.25,0.5,0.5,69.7,1.0,6696.23571
12.5,0.25,0.25,0.5,0.5,77.4,24.0,6638.656487
12.5,0.25,0.25,0.5,0.5,77.4,34.0,6361.489513
12.5,0.25,0.25,0.5,0.5,69.7,24.0,6320.238926
12.5,0.25,0.25,0.5,0.5,69.7,34.0,4952.9856
12.5,0.25,0.25,0.5,0.63,86.0,16.0,7541.667404
12.5,0.25,0.25,0.5,0.63,86.0,1.0,8109.230504
12.5,0.25,0.25,0.5,0.63,94.6,16.0,7163.9441
12.5,0.25,0.25,0.5,0.63,94.6,1.0,7626.617335
12.5,0.25,0.25,0.5,0.63,86.0,24.0,6626.851498
12.5,0.25,0.25,0.5,0.63,86.0,34.0,5291.89688
12.5,0.25,0.25,0.5,0.63,94.6,24.0,5323.300337
12.5,0.25,0.25,0.5,0.63,94.6,34.0,4100.759169
12.5,0.25,0.25,0.5,0.63,77.4,16.0,7560.205645
12.5,0.25,0.25,0.5,0.63,77.4,1.0,7895.020796
12.5,0.25,0.25,0.5,0.63,69.7,16.0,6731.712208
12.5,0.25,0.25,0.5,0.63,69.7,1.0,6677.624427
12.5,0.25,0.25,0.5,0.63,77.4,24.0,7162.433638
12.5,0.25,0.25,0.5,0.63,77.4,34.0,6735.24371
12.5,0.25,0.25,0.5,0.63,69.7,24.0,6771.722906
12.5,0.25,0.25,0.5,0.63,69.7,34.0,5322.840434
12.5,0.25,0.25,0.5,0.75,86.0,16.0,7761.15796
12.5,0.25,0.25,0.5,0.75,86.0,1.0,8002.997103
12.5,0.25,0.25,0.5,0.75,94.6,16.0,7483.736315
12.5,0.25,0.25,0.5,0.75,94.6,1.0,7888.414929
12.5,0.25,0.25,0.5,0.75,86.0,24.0,6862.908392
12.5,0.25,0.25,0.5,0.75,86.0,34.0,5828.732121
12.5,0.25,0.25,0.5,0.75,94.6,24.0,5454.633853
12.5,0.25,0.25,0.5,0.75,94.6,34.0,4745.460284
12.5,0.25,0.25,0.5,0.75,77.4,16.0,7713.479598
12.5,0.25,0.25,0.5,0.75,77.4,1.0,7858.685578
12.5,0.25,0.25,0.5,0.75,69.7,16.0,7103.508943
12.5,0.25,0.25,0.5,0.75,69.7,1.0,7136.984453
12.5,0.25,0.25,0.5,0.75,77.4,24.0,7172.435009
12.5,0.25,0.25,0.5,0.75,77.4,34.0,7175.068982
12.5,0.25,0.25,0.5,0.75,69.7,24.0,6621.250814
12.5,0.25,0.25,0.5,0.75,69.7,34.0,5830.488555
12.5,0.25,0.25,0.63,0.5,86.0,16.0,7207.420303
12.5,0.25,0.25,0.63,0.5,86.0,1.0,7732.225218
12.5,0.25,0.25,0.63,0.5,94.6,16.0,6860.396428
12.5,0.25,0.25,0.63,0.5,94.6,1.0,7570.608619
12.5,0.25,0.25,0.63,0.5,86.0,24.0,6255.890642
12.5,0.25,0.25,0.63,0.5,86.0,34.0,5124.854901
12.5,0.25,0.25,0.63,0.5,94.6,24.0,5151.386473
12.5,0.25,0.25,0.63,0.5,94.6,34.0,4042.842643
12.5,0.25,0.25,0.63,0.5,77.4,16.0,7127.164572
12.5,0.25,0.25,0.63,0.5,77.4,1.0,7690.174905
12.5,0.25,0.25,0.63,0.5,69.7,16.0,6589.278977
12.5,0.25,0.25,0.63,0.5,69.7,1.0,6830.966046
12.5,0.25,0.25,0.63,0.5,77.4,24.0,6887.466493
12.5,0.25,0.25,0.63,0.5,77.4,34.0,6451.100519
12.5,0.25,0.25,0.63,0.5,69.7,24.0,6187.951881
12.5,0.25,0.25,0.63,0.5,69.7,34.0,5367.618255
12.5,0.25,0.25,0.63,0.63,86.0,16.0,7554.4683
12.5,0.25,0.25,0.63,0.63,86.0,1.0,8013.626308
12.5,0.25,0.25,0.63,0.63,94.6,16.0,7231.027782
12.5,0.25,0.25,0.63,0.63,94.6,1.0,7297.732097
12.5,0.25,0.25,0.63,0.63,86.0,24.0,6583.457887
12.5,0.25,0.25,0.63,0.63,86.0,34.0,5330.369306
12.5,0.25,0.25,0.63,0.63,94.6,24.0,5446.697471
12.5,0.25,0.25,0.63,0.63,94.6,34.0,4568.672172
12.5,0.25,0.25,0.63,0.63,77.4,16.0,7425.751937
12.5,0.25,0.25,0.63,0.63,77.4,1.0,7588.360961
12.5,0.25,0.25,0.63,0.63,69.7,16.0,6771.674965
12.5,0.25,0.25,0.63,0.63,69.7,1.0,6941.824131
12.5,0.25,0.25,0.63,0.63,77.4,24.0,6942.396304
12.5,0.25,0.25,0.63,0.63,77.4,34.0,6708.241295
12.5,0.25,0.25,0.63,0.63,69.7,24.0,6461.670875
12.5,0.25,0.25,0.63,0.63,69.7,34.0,5313.378277
12.5,0.25,0.25,0.63,0.75,86.0,16.0,7897.9319
12.5,0.25,0.25,0.63,0.75,86.0,1.0,8440.960969
12.5,0.25,0.25,0.63,0.75,94.6,16.0,7529.175053
12.5,0.25,0.25,0.63,0.75,94.6,1.0,7675.963523
12.5,0.25,0.25,0.63,0.75,86.0,24.0,6901.658937
12.5,0.25,0.25,0.63,0.75,86.0,34.0,5811.211473
12.5,0.25,0.25,0.63,0.75,94.6,24.0,5711.85174
12.5,0.25,0.25,0.63,0.75,94.6,34.0,4740.015047
12.5,0.25,0.25,0.63,0.75,77.4,16.0,7835.767792
12.5,0.25,0.25,0.63,0.75,77.4,1.0,7878.817681
12.5,0.25,0.25,0.63,0.75,69.7,16.0,6770.23332
12.5,0.25,0.25,0.63,0.75,69.7,1.0,6614.219308
12.5,0.25,0.25,0.63,0.75,77.4,24.0,7206.901956
12.5,0.25,0.25,0.63,0.75,77.4,34.0,7234.255248
12.5,0.25,0.25,0.63,0.75,69.7,24.0,6482.705721
12.5,0.25,0.25,0.63,0.75,69.7,34.0,5596.226357
12.5,0.25,0.25,0.75,0.5,86.0,16.0,7381.973331
12.5,0.25,0.25,0.75,0.5,86.0,1.0,7738.881709
12.5,0.25,0.25,0.75,0.5,94.6,16.0,6806.492688
12.5,0.25,0.25,0.75,0.5,94.6,1.0,7284.814779
12.5,0.25,0.25,0.75,0.5,86.0,24.0,6514.638993
12.5,0.25,0.25,0.75,0.5,86.0,34.0,5136.93247
12.5,0.25,0.25,0.75,0.5,94.6,24.0,5192.883148
12.5,0.25,0.25,0.75,0.5,94.6,34.0,4281.52619
12.5,0.25,0.25,0.75,0.5,77.4,16.0,7417.81497
12.5,0.25,0.25,0.75,0.5,77.4,1.0,7639.547887
12.5,0.25,0.25,0.75,0.5,69.7,16.0,6920.084268
12.5,0.25,0.25,0.75,0.5,69.7,1.0,6598.854044
12.5,0.25,0.25,0.75,0.5,77.4,24.0,6671.072643
12.5,0.25,0.25,0.75,0.5,77.4,34.0,6645.569975
12.5,0.25,0.25,0.75,0.5,69.7,24.0,6500.097782
12.5,0.25,0.25,0.75,0.5,69.7,34.0,5345.991061
12.5,0.25,0.25,0.75,0.63,86.0,16.0,7440.712007
12.5,0.25,0.25,0.75,0.63,86.0,1.0,7963.939307
12.5,0.25,0.25,0.75,0.63,94.6,16.0,7369.685585
12.5,0.25,0.25,0.75,0.63,94.6,1.0,7532.829529
12.5,0.25,0.25,0.75,0.63,86.0,24.0,6554.976861
12.5,0.25,0.25,0.75,0.63,86.0,34.0,5729.715055
12.5,0.25,0.25,0.75,0.63,94.6,24.0,5399.861131
12.5,0.25,0.25,0.75,0.63,94.6,34.0,4580.392997
12.5,0.25,0.25,0.75,0.63,77.4,16.0,7428.834423
12.5,0.25,0.25,0.75,0.63,77.4,1.0,7479.93417
12.5,0.25,0.25,0.75,0.63,69.7,16.0,6749.518191
12.5,0.25,0.25,0.75,0.63,69.7,1.0,6869.777604
12.5,0.25,0.25,0.75,0.63,77.4,24.0,6929.554801
12.5,0.25,0.25,0.75,0.63,77.4,34.0,6852.979712
12.5,0.25,0.25,0.75,0.63,69.7,24.0,6335.296388
12.5,0.25,0.25,0.75,0.63,69.7,34.0,5305.743635
12.5,0.25,0.25,0.75,0.75,86.0,16.0,7914.171177
12.5,0.25,0.25,0.75,0.75,86.0,1.0,8254.05731
12.5,0.25,0.25,0.75,0.75,94.6,16.0,7558.005885
12.5,0.25,0.25,0.75,0.75,94.6,1.0,7861.465383
12.5,0.25,0.25,0.75,0.75,86.0,24.0,6799.729175
12.5,0.25,0.25,0.75,0.75,86.0,34.0,5729.569636
12.5,0.25,0.25,0.75,0.75,94.6,24.0,5675.721494
12.5,0.25,0.25,0.75,0.75,94.6,34.0,4813.452846
12.5,0.25,0.25,0.75,0.75,77.4,16.0,7443.624456
12.5,0.25,0.25,0.75,0.75,77.4,1.0,7706.881369
12.5,0.25,0.25,0.75,0.75,69.7,16.0,6757.073662
12.5,0.25,0.25,0.75,0.75,69.7,1.0,6620.098774
12.5,0.25,0.25,0.75,0.75,77.4,24.0,7183.10038
12.5,0.25,0.25,0.75,0.75,77.4,34.0,7019.694384
12.5,0.25,0.25,0.75,0.75,69.7,24.0,6608.90751
12.5,0.25,0.25,0.75,0.75,69.7,34.0,5535.05665
12.5,0.25,0.38,0.38,0.5,86.0,16.0,8134.726547
12.5,0.25,0.38,0.38,0.5,86.0,1.0,8711.208961
12.5,0.25,0.38,0.38,0.5,94.6,16.0,7406.902484
12.5,0.25,0.38,0.38,0.5,94.6,1.0,8090.417127
12.5,0.25,0.38,0.38,0.5,86.0,24.0,6848.626223
12.5,0.25,0.38,0.38,0.5,86.0,34.0,5527.425034
12.5,0.25,0.38,0.38,0.5,94.6,24.0,5296.611091
12.5,0.25,0.38,0.38,0.5,94.6,34.0,4480.07
12.5,0.25,0.38,0.38,0.5,77.4,16.0,7920.061748
12.5,0.25,0.38,0.38,0.5,77.4,1.0,8652.043342
12.5,0.25,0.38,0.38,0.5,69.7,16.0,7222.004621
12.5,0.25,0.38,0.38,0.5,69.7,1.0,7290.10652
12.5,0.25,0.38,0.38,0.5,77.4,24.0,7510.790568
12.5,0.25,0.38,0.38,0.5,77.4,34.0,7174.664896
12.5,0.25,0.38,0.38,0.5,69.7,24.0,7080.040043
12.5,0.25,0.38,0.38,0.5,69.7,34.0,5665.219597
12.5,0.25,0.38,0.38,0.63,86.0,16.0,8298.206974
12.5,0.25,0.38,0.38,0.63,86.0,1.0,8671.716806
12.5,0.25,0.38,0.38,0.63,94.6,16.0,7714.323102
12.5,0.25,0.38,0.38,0.63,94.6,1.0,8211.0795
12.5,0.25,0.38,0.38,0.63,86.0,24.0,7270.318318
12.5,0.25,0.38,0.38,0.63,86.0,34.0,5747.56017
12.5,0.25,0.38,0.38,0.63,94.6,24.0,5777.3754
12.5,0.25,0.38,0.38,0.63,94.6,34.0,5061.72061
12.5,0.25,0.38,0.38,0.63,77.4,16.0,7829.472937
12.5,0.25,0.38,0.38,0.63,77.4,1.0,8634.775829
12.5,0.25,0.38,0.38,0.63,69.7,16.0,7608.621822
12.5,0.25,0.38,0.38,0.63,69.7,1.0,7555.171595
12.5,0.25,0.38,0.38,0.63,77.4,24.0,7604.315838
12.5,0.25,0.38,0.38,0.63,77.4,34.0,7521.714355
12.5,0.25,0.38,0.38,0.63,69.7,24.0,7219.760394
12.5,0.25,0.38,0.38,0.63,69.7,34.0,6060.283822
12.5,0.25,0.38,0.38,0.75,86.0,16.0,8465.885625
12.5,0.25,0.38,0.38,0.75,86.0,1.0,8969.401842
12.5,0.25,0.38,0.38,0.75,94.6,16.0,8166.597859
12.5,0.25,0.38,0.38,0.75,94.6,1.0,8605.199951
12.5,0.25,0.38,0.38,0.75,86.0,24.0,7576.39253
12.5,0.25,0.38,0.38,0.75,86.0,34.0,6249.470817
12.5,0.25,0.38,0.38,0.75,94.6,24.0,6071.228897
12.5,0.25,0.38,0.38,0.75,94.6,34.0,5199.792105
12.5,0.25,0.38,0.38,0.75,77.4,16.0,8307.38018
12.5,0.25,0.38,0.38,0.75,77.4,1.0,8743.520983
12.5,0.25,0.38,0.38,0.75,69.7,16.0,7667.83619
12.5,0.25,0.38,0.38,0.75,69.7,1.0,7416.707761
12.5,0.25,0.38,0.38,0.75,77.4,24.0,7969.025753
12.5,0.25,0.38,0.38,0.75,77.4,34.0,7778.349159
12.5,0.25,0.38,0.38,0.75,69.7,24.0,7298.002602
12.5,0.25,0.38,0.38,0.75,69.7,34.0,6033.778564
12.5,0.25,0.38,0.5,0.5,86.0,16.0,8007.206207
12.5,0.25,0.38,0.5,0.5,86.0,1.0,8408.383412
12.5,0.25,0.38,0.5,0.5,94.6,16.0,7455.416383
12.5,0.25,0.38,0.5,0.5,94.6,1.0,8104.934974
12.5,0.25,0.38,0.5,0.5,86.0,24.0,7064.169775
12.5,0.25,0.38,0.5,0.5,86.0,34.0,5735.133035
12.5,0.25,0.38,0.5,0.5,94.6,24.0,5504.750825
12.5,0.25,0.38,0.5,0.5,94.6,34.0,4433.536966
12.5,0.25,0.38,0.5,0.5,77.4,16.0,7903.513509
12.5,0.25,0.38,0.5,0.5,77.4,1.0,8538.462001
12.5,0.25,0.38,0.5,0.5,69.7,16.0,7434.34904
12.5,0.25,0.38,0.5,0.5,69.7,1.0,7357.358903
12.5,0.25,0.38,0.5,0.5,77.4,24.0,7441.509419
12.5,0.25,0.38,0.5,0.5,77.4,34.0,7150.9817
12.5,0.25,0.38,0.5,0.5,69.7,24.0,6979.324788
12.5,0.25,0.38,0.5,0.5,69.7,34.0,6024.945992
12.5,0.25,0.38,0.5,0.63,86.0,16.0,8116.531753
12.5,0.25,0.38,0.5,0.63,86.0,1.0,8823.690108
12.5,0.25,0.38,0.5,0.63,94.6,16.0,7998.350591
12.5,0.25,0.38,0.5,0.63,94.6,1.0,8284.85461
12.5,0.25,0.38,0.5,0.63,86.0,24.0,7303.58812
12.5,0.25,0.38,0.5,0.63,86.0,34.0,5954.513153
12.5,0.25,0.38,0.5,0.63,94.6,24.0,5898.015732
12.5,0.25,0.38,0.5,0.63,94.6,34.0,4936.105576
12.5,0.25,0.38,0.5,0.63,77.4,16.0,8157.236939
12.5,0.25,0.38,0.5,0.63,77.4,1.0,8489.691924
12.5,0.25,0.38,0.5,0.63,69.7,16.0,7241.370531
12.5,0.25,0.38,0.5,0.63,69.7,1.0,7317.951035
12.5,0.25,0.38,0.5,0.63,77.4,24.0,7564.774933
12.5,0.25,0.38,0.5,0.63,77.4,34.0,7557.46014
12.5,0.25,0.38,0.5,0.63,69.7,24.0,6772.933474
12.5,0.25,0.38,0.5,0.63,69.7,34.0,5882.965617
12.5,0.25,0.38,0.5,0.75,86.0,16.0,8318.798885
12.5,0.25,0.38,0.5,0.75,86.0,1.0,8655.676437
12.5,0.25,0.38,0.5,0.75,94.6,16.0,8254.126537
12.5,0.25,0.38,0.5,0.75,94.6,1.0,8562.370774
12.5,0.25,0.38,0.5,0.75,86.0,24.0,7340.460767
12.5,0.25,0.38,0.5,0.75,86.0,34.0,6146.831516
12.5,0.25,0.38,0.5,0.75,94.6,24.0,5807.006933
12.5,0.25,0.38,0.5,0.75,94.6,34.0,5329.263197
12.5,0.25,0.38,0.5,0.75,77.4,16.0,8173.589103
12.5,0.25,0.38,0.5,0.75,77.4,1.0,8413.659665
12.5,0.25,0.38,0.5,0.75,69.7,16.0,7565.104163
12.5,0.25,0.38,0.5,0.75,69.7,1.0,7457.506063
12.5,0.25,0.38,0.5,0.75,77.4,24.0,7800.501276
12.5,0.25,0.38,0.5,0.75,77.4,34.0,7617.395889
12.5,0.25,0.38,0.5,0.75,69.7,24.0,7381.379396
12.5,0.25,0.38,0.5,0.75,69.7,34.0,5971.394016
12.5,0.25,0.38,0.63,0.5,86.0,16.0,7884.567722
12.5,0.25,0.38,0.63,0.5,86.0,1.0,8570.913533
12.5,0.25,0.38,0.63,0.5,94.6,16.0,7616.705992
12.5,0.25,0.38,0.63,0.5,94.6,1.0,8086.388809
12.5,0.25,0.38,0.63,0.5,86.0,24.0,7101.757831
12.5,0.25,0.38,0.63,0.5,86.0,34.0,5566.52275
25.0,0.5,0.25,0.38,0.5,86.0,16.0,5946.052257
25.0,0.5,0.25,0.38,0.5,86.0,1.0,6392.356672
25.0,0.5,0.25,0.38,0.5,94.6,16.0,5205.320295
25.0,0.5,0.25,0.38,0.5,94.6,1.0,5524.145415
25.0,0.5,0.25,0.38,0.5,86.0,24.0,4920.136635
25.0,0.5,0.25,0.38,0.5,86.0,34.0,3834.574804
25.0,0.5,0.25,0.38,0.5,94.6,24.0,3626.366534
25.0,0.5,0.25,0.38,0.5,94.6,34.0,2946.926015
25.0,0.5,0.25,0.38,0.5,77.4,16.0,6037.686131
25.0,0.5,0.25,0.38,0.5,77.4,1.0,6595.901577
25.0,0.5,0.25,0.38,0.5,69.7,16.0,5403.69852
25.0,0.5,0.25,0.38,0.5,69.7,1.0,5498.460221
25.0,0.5,0.25,0.38,0.5,77.4,24.0,5203.876814
25.0,0.5,0.25,0.38,0.5,77.4,34.0,4694.608192
25.0,0.5,0.25,0.38,0.5,69.7,24.0,4952.013044
25.0,0.5,0.25,0.38,0.5,69.7,34.0,4290.964878
25.0,0.5,0.25,0.38,0.63,86.0,16.0,5920.487176
25.0,0.5,0.25,0.38,0.63,86.0,1.0,6731.618436
25.0,0.5,0.25,0.38,0.63,94.6,16.0,5636.308737
25.0,0.5,0.25,0.38,0.63,94.6,1.0,5773.625809
25.0,0.5,0.25,0.38,0.63,86.0,24.0,4966.779453
25.0,0.5,0.25,0.38,0.63,86.0,34.0,3998.054156
25.0,0.5,0.25,0.38,0.63,94.6,24.0,3723.523376
25.0,0.5,0.25,0.38,0.63,94.6,34.0,3276.362058
25.0,0.5,0.25,0.38,0.63,77.4,16.0,6115.947066
25.0,0.5,0.25,0.38,0.63,77.4,1.0,6747.597792
25.0,0.5,0.25,0.38,0.63,69.7,16.0,5867.997216
25.0,0.5,0.25,0.38,0.63,69.7,1.0,5628.882801
25.0,0.5,0.25,0.38,0.63,77.4,24.0,5715.008404
25.0,0.5,0.25,0.38,0.63,77.4,34.0,5234.746964
25.0,0.5,0.25,0.38,0.63,69.7,24.0,5016.741592
25.0,0.5,0.25,0.38,0.63,69.7,34.0,4167.451239
25.0,0.5,0.25,0.38,0.75,86.0,16.0,6117.4759
25.0,0.5,0.25,0.38,0.75,86.0,1.0,6826.208733
25.0,0.5,0.25,0.38,0.75,94.6,16.0,5632.459174
25.0,0.5,0.25,0.38,0.75,94.6,1.0,6325.266131
25.0,0.5,0.25,0.38,0.75,86.0,24.0,5424.123512
25.0,0.5,0.25,0.38,0.75,86.0,34.0,4200.973747
25.0,0.5,0.25,0.38,0.75,94.6,24.0,4178.772056
25.0,0.5,0.25,0.38,0.75,94.6,34.0,3519.431306
25.0,0.5,0.25,0.38,0.75,77.4,16.0,6239.533493
25.0,0.5,0.25,0.38,0.75,77.4,1.0,7071.615319
25.0,0.5,0.25,0.38,0.75,69.7,16.0,5462.133945
25.0,0.5,0.25,0.38,0.75,69.7,1.0,5948.114471
25.0,0.5,0.25,0.38,0.75,77.4,24.0,5429.681612
25.0,0.5,0.25,0.38,0.75,77.4,34.0,5381.272664
25.0,0.5,0.25,0.38,0.75,69.7,24.0,5395.33158
25.0,0.5,0.25,0.38,0.75,69.7,34.0,4460.914573
25.0,0.5,0.25,0.5,0.5,86.0,16.0,6102.762823
25.0,0.5,0.25,0.5,0.5,86.0,1.0,6109.850467
25.0,0.5,0.25,0.5,0.5,94.6,16.0,5453.993821
25.0,0.5,0.25,0.5,0.5,94.6,1.0,5773.008415
25.0,0.5,0.25,0.5,0.5,86.0,24.0,4930.619033
25.0,0.5,0.25,0.5,0.5,86.0,34.0,3764.319732
25.0,0.5,0.25,0.5,0.5,94.6,24.0,3937.915393
25.0,0.5,0.25,0.5,0.5,94.6,34.0,3238.028147
25.0,0.5,0.25,0.5,0.5,77.4,16.0,5964.791108
25.0,0.5,0.25,0.5,0.5,77.4,1.0,6526.988187
25.0,0.5,0.25,0.5,0.5,69.7,16.0,5552.723871
25.0,0.5,0.25,0.5,0.5,69.7,1.0,5575.394471
25.0,0.5,0.25,0.5,0.5,77.4,24.0,5299.661325
25.0,0.5,0.25,0.5,0.5,77.4,34.0,4968.601171
25.0,0.5,0.25,0.5,0.5,69.7,24.0,4936.01177
25.0,0.5,0.25,0.5,0.5,69.7,34.0,3895.62684
25.0,0.5,0.25,0.5,0.63,86.0,16.0,5767.178357
25.0,0.5,0.25,0.5,0.63,86.0,1.0,6015.224564
25.0,0.5,0.25,0.5,0.63,94.6,16.0,5912.433762
25.0,0.5,0.25,0.5,0.63,94.6,1.0,5637.984297
25.0,0.5,0.25,0.5,0.63,86.0,24.0,5018.45303
25.0,0.5,0.25,0.5,0.63,86.0,34.0,4162.761559
25.0,0.5,0.25,0.5,0.63,94.6,24.0,4278.763209
25.0,0.5,0.25,0.5,0.63,94.6,34.0,3322.946202
25.0,0.5,0.25,0.5,0.63,77.4,16.0,6237.206052
25.0,0.5,0.25,0.5,0.63,77.4,1.0,6801.49205
25.0,0.5,0.25,0.5,0.63,69.7,16.0,5336.974729
25.0,0.5,0.25,0.5,0.63,69.7,1.0,5722.576764
25.0,0.5,0.25,0.5,0.63,77.4,24.0,5602.022929
25.0,0.5,0.25,0.5,0.63,77.4,34.0,5439.421503
25.0,0.5,0.25,0.5,0.63,69.7,24.0,4924.357362
25.0,0.5,0.25,0.5,0.63,69.7,34.0,4112.893488
25.0,0.5,0.25,0.5,0.75,86.0,16.0,6320.961115
25.0,0.5,0.25,0.5,0.75,86.0,1.0,6520.897596
25.0,0.5,0.25,0.5,0.75,94.6,16.0,5970.681858
25.0,0.5,0.25,0.5,0.75,94.6,1.0,6072.83443
25.0,0.5,0.25,0.5,0.75,86.0,24.0,5128.163506
25.0,0.5,0.25,0.5,0.75,86.0,34.0,4387.741853
25.0,0.5,0.25,0.5,0.75,94.6,24.0,4576.100711
25.0,0.5,0.25,0.5,0.75,94.6,34.0,3244.329258
25.0,0.5,0.25,0.5,0.75,77.4,16.0,6370.898867
25.0,0.5,0.25,0.5,0.75,77.4,1.0,7293.53617
25.0,0.5,0.25,0.5,0.75,69.7,16.0,5892.160998
25.0,0.5,0.25,0.5,0.75,69.7,1.0,6058.648764
25.0,0.5,0.25,0.5,0.75,77.4,24.0,5503.095831
25.0,0.5,0.25,0.5,0.75,77.4,34.0,5496.085062
25.0,0.5,0.25,0.5,0.75,69.7,24.0,5663.065794
25.0,0.5,0.25,0.5,0.75,69.7,34.0,4336.100956
25.0,0.5,0.25,0.63,0.5,86.0,16.0,5942.421625
25.0,0.5,0.25,0.63,0.5,86.0,1.0,6595.456285
25.0,0.5,0.25,0.63,0.5,94.6,16.0,5333.973572
25.0,0.5,0.25,0.63,0.5,94.6,1.0,6132.417383
25.0,0.5,0.25,0.63,0.5,86.0,24.0,5042.640339
25.0,0.5,0.25,0.63,0.5,86.0,34.0,4125.757119
25.0,0.5,0.25,0.63,0.5,94.6,24.0,3828.16556
25.0,0.5,0.25,0.63,0.5,94.6,34.0,3447.082101
25.0,0.5,0.25,0.63,0.5,77.4,16.0,6292.429621
25.0,0.5,0.25,0.63,0.5,77.4,1.0,6619.846953
25.0,0.5,0.25,0.63,0.5,69.7,16.0,5628.710525
25.0,0.5,0.25,0.63,0.5,69.7,1.0,5781.859649
25.0,0.5,0.25,0.63,0.5,77.4,24.0,5330.062031
25.0,0.5,0.25,0.63,0.5,77.4,34.0,4899.118995
25.0,0.5,0.25,0.63,0.5,69.7,24.0,4945.794431
25.0,0.5,0.25,0.63,0.5,69.7,34.0,4282.700632
25.0,0.5,0.25,0.63,0.63,86.0,16.0,6202.327017
25.0,0.5,0.25,0.63,0.63,86.0,1.0,6306.550622
25.0,0.5,0.25,0.63,0.63,94.6,16.0,5514.667479
25.0,0.5,0.25,0.63,0.63,94.6,1.0,6079.085257
25.0,0.5,0.25,0.63,0.63,86.0,24.0,5046.457343
25.0,0.5,0.25,0.63,0.63,86.0,34.0,4232.762305
25.0,0.5,0.25,0.63,0.63,94.6,24.0,3948.986911
25.0,0.5,0.25,0.63,0.63,94.6,34.0,3502.082918
25.0,0.5,0.25,0.63,0.63,77.4,16.0,6107.382466
25.0,0.5,0.25,0.63,0.63,77.4,1.0,6157.054843
25.0,0.5,0.25,0.63,0.63,69.7,16.0,5556.374604
25.0,0.5,0.25,0.63,0.63,69.7,1.0,5741.314175
25.0,0.5,0.25,0.63,0.63,77.4,24.0,5529.066137
25.0,0.5,0.25,0.63,0.63,77.4,34.0,5538.913011
25.0,0.5,0.25,0.63,0.63,69.7,24.0,5178.270314
25.0,0.5,0.25,0.63,0.63,69.7,34.0,4323.930991
25.0,0.5,0.25,0.63,0.75,86.0,16.0,6182.750871
25.0,0.5,0.25,0.63,0.75,86.0,1.0,7004.015537
25.0,0.5,0.25,0.63,0.75,94.6,16.0,5750.881068
25.0,0.5,0.25,0.63,0.75,94.6,1.0,6493.472526
25.0,0.5,0.25,0.63,0.75,86.0,24.0,5393.564335
25.0,0.5,0.25,0.63,0.75,86.0,34.0,4808.609022
25.0,0.5,0.25,0.63,0.75,94.6,24.0,4572.126366
25.0,0.5,0.25,0.63,0.75,94.6,34.0,3511.537898
25.0,0.5,0.25,0.63,0.75,77.4,16.0,6493.637124
25.0,0.5,0.25,0.63,0.75,77.4,1.0,6880.775896
25.0,0.5,0.25,0.63,0.75,69.7,16.0,5684.143505
25.0,0.5,0.25,0.63,0.75,69.7,1.0,5732.24032
25.0,0.5,0.25,0.63,0.75,77.4,24.0,6135.699979
25.0,0.5,0.25,0.63,0.75,77.4,34.0,5720.723161
25.0,0.5,0.25,0.63,0.75,69.7,24.0,5455.118908
25.0,0.5,0.25,0.63,0.75,69.7,34.0,4245.285732
25.0,0.5,0.25,0.75,0.5,86.0,16.0,5772.910164
25.0,0.5,0.25,0.75,0.5,86.0,1.0,6521.291119
25.0,0.5,0.25,0.75,0.5,94.6,16.0,5498.438442
25.0,0.5,0.25,0.75,0.5,94.6,1.0,6019.262475
25.0,0.5,0.25,0.75,0.5,86.0,24.0,5236.03334
25.0,0.5,0.25,0.75,0.5,86.0,34.0,4305.511821
25.0,0.5,0.25,0.75,0.5,94.6,24.0,4056.834271
25.0,0.5,0.25,0.75,0.5,94.6,34.0,3501.179921
25.0,0.5,0.25,0.75,0.5,77.4,16.0,6397.355689
25.0,0.5,0.25,0.75,0.5,77.4,1.0,6279.338501
25.0,0.5,0.25,0.75,0.5,69.7,16.0,5834.98164
25.0,0.5,0.25,0.75,0.5,69.7,1.0,5902.33288
25.0,0.5,0.25,0.75,0.5,77.4,24.0,5639.445205
25.0,0.5,0.25,0.75,0.5,77.4,34.0,5005.329973
25.0,0.5,0.25,0.75,0.5,69.7,24.0,4867.94772
25.0,0.5,0.25,0.75,0.5,69.7,34.0,4574.813873
25.0,0.5,0.25,0.75,0.63,86.0,16.0,6190.665974
25.0,0.5,0.25,0.75,0.63,86.0,1.0,6254.655109
25.0,0.5,0.25,0.75,0.63,94.6,16.0,5696.026057
25.0,0.5,0.25,0.75,0.63,94.6,1.0,6315.233209
25.0,0.5,0.25,0.75,0.63,86.0,24.0,5492.81699
25.0,0.5,0.25,0.75,0.63,86.0,34.0,4320.874157
25.0,0.5,0.25,0.75,0.63,94.6,24.0,4587.385566
25.0,0.5,0.25,0.75,0.63,94.6,34.0,3712.997856
25.0,0.5,0.25,0.75,0.63,77.4,16.0,6301.034422
25.0,0.5,0.25,0.75,0.63,77.4,1.0,6752.016952
25.0,0.5,0.25,0.75,0.63,69.7,16.0,5388.50369
25.0,0.5,0.25,0.75,0.63,69.7,1.0,5931.752803
25.0,0.5,0.25,0.75,0.63,77.4,24.0,5837.215029
25.0,0.5,0.25,0.75,0.63,77.4,34.0,5154.975914
25.0,0.5,0.25,0.75,0.63,69.7,24.0,5932.239093
25.0,0.5,0.25,0.75,0.63,69.7,34.0,4163.823044
25.0,0.5,0.25,0.75,0.75,86.0,16.0,6155.896087
25.0,0.5,0.25,0.75,0.75,86.0,1.0,6994.248011
25.0,0.5,0.25,0.75,0.75,94.6,16.0,5649.03716
25.0,0.5,0.25,0.75,0.75,94.6,1.0,6515.261449
25.0,0.5,0.25,0.75,0.75,86.0,24.0,5498.583951
25.0,0.5,0.25,0.75,0.75,86.0,34.0,4584.453554
25.0,0.5,0.25,0.75,0.75,94.6,24.0,4218.327986
25.0,0.5,0.25,0.75,0.75,94.6,34.0,3680.560247
25.0,0.5,0.25,0.75,0.75,77.4,16.0,6236.707106
25.0,0.5,0.25,0.75,0.75,77.4,1.0,7005.038599
25.0,0.5,0.25,0.75,0.75,69.7,16.0,6013.407593
25.0,0.5,0.25,0.75,0.75,69.7,1.0,6260.473628
25.0,0.5,0.25,0.75,0.75,77.4,24.0,5830.89362
25.0,0.5,0.25,0.75,0.75,77.4,34.0,5531.351743
25.0,0.5,0.25,0.75,0.75,69.7,24.0,5495.365345
25.0,0.5,0.25,0.75,0.75,69.7,34.0,4865.399969
25.0,0.5,0.38,0.38,0.5,86.0,16.0,6235.452776
25.0,0.5,0.38,0.38,0.5,86.0,1.0,6821.808099
25.0,0.5,0.38,0.38,0.5,94.6,16.0,6328.893321
25.0,0.5,0.38,0.38,0.5,94.6,1.0,6528.79888
25.0,0.5,0.38,0.38,0.5,86.0,24.0,5428.106015
25.0,0.5,0.38,0.38,0.5,86.0,34.0,4558.980717
25.0,0.5,0.38,0.38,0.5,94.6,24.0,4062.739528
25.0,0.5,0.38,0.38,0.5,94.6,34.0,3396.729889
25.0,0.5,0.38,0.38,0.5,77.4,16.0,6503.272041
25.0,0.5,0.38,0.38,0.5,77.4,1.0,7085.063077
25.0,0.5,0.38,0.38,0.5,69.7,16.0,5791.456731
25.0,0.5,0.38,0.38,0.5,69.7,1.0,6251.611839
25.0,0.5,0.38,0.38,0.5,77.4,24.0,6409.140005
25.0,0.5,0.38,0.38,0.5,77.4,34.0,5794.891846
25.0,0.5,0.38,0.38,0.5,69.7,24.0,5569.139254
25.0,0.5,0.38,0.38,0.5,69.7,34.0,4858.240729
25.0,0.5,0.38,0.38,0.63,86.0,16.0,6575.592668
25.0,0.5,0.38,0.38,0.63,86.0,1.0,6998.378752
25.0,0.5,0.38,0.38,0.63,94.6,16.0,6226.285142
25.0,0.5,0.38,0.38,0.63,94.6,1.0,6643.901898
25.0,0.5,0.38,0.38,0.63,86.0,24.0,5946.158422
25.0,0.5,0.38,0.38,0.63,86.0,34.0,4696.443943
25.0,0.5,0.38,0.38,0.63,94.6,24.0,4560.22361
25.0,0.5,0.38,0.38,0.63,94.6,34.0,3983.097848
25.0,0.5,0.38,0.38,0.63,77.4,16.0,6992.823141
25.0,0.5,0.38,0.38,0.63,77.4,1.0,7536.096872
25.0,0.5,0.38,0.38,0.63,69.7,16.0,6491.223531
25.0,0.5,0.38,0.38,0.63,69.7,1.0,6702.780378
25.0,0.5,0.38,0.38,0.63,77.4,24.0,6263.807879
25.0,0.5,0.38,0.38,0.63,77.4,34.0,5966.711278
25.0,0.5,0.38,0.38,0.63,69.7,24.0,5695.564416
25.0,0.5,0.38,0.38,0.63,69.7,34.0,4737.639245
25.0,0.5,0.38,0.38,0.75,86.0,16.0,6580.396963
25.0,0.5,0.38,0.38,0.75,86.0,1.0,7628.6476
25.0,0.5,0.38,0.38,0.75,94.6,16.0,6465.372048
25.0,0.5,0.38,0.38,0.75,94.6,1.0,6903.873395
25.0,0.5,0.38,0.38,0.75,86.0,24.0,6020.87569
25.0,0.5,0.38,0.38,0.75,86.0,34.0,5004.154338
25.0,0.5,0.38,0.38,0.75,94.6,24.0,4913.222919
25.0,0.5,0.38,0.38,0.75,94.6,34.0,4010.552148
25.0,0.5,0.38,0.38,0.75,77.4,16.0,6958.174787
25.0,0.5,0.38,0.38,0.75,77.4,1.0,7804.627951
25.0,0.5,0.38,0.38,0.75,69.7,16.0,6493.258285
25.0,0.5,0.38,0.38,0.75,69.7,1.0,6449.041569
25.0,0.5,0.38,0.38,0.75,77.4,24.0,6327.008075
25.0,0.5,0.38,0.38,0.75,77.4,34.0,5919.430755
25.0,0.5,0.38,0.38,0.75,69.7,24.0,6060.641491
25.0,0.5,0.38,0.38,0.75,69.7,34.0,4789.596969
25.0,0.5,0.38,0.5,0.5,86.0,16.0,6412.473451
25.0,0.5,0.38,0.5,0.5,86.0,1.0,7117.950381
25.0,0.5,0.38,0.5,0.5,94.6,16.0,6274.934837
25.0,0.5,0.38,0.5,0.5,94.6,1.0,6422.922094
25.0,0.5,0.38,0.5,0.5,86.0,24.0,5645.146626
25.0,0.5,0.38,0.5,0.5,86.0,34.0,4493.644089
25.0,0.5,0.38,0.5,0.5,94.6,24.0,4489.22384
25.0,0.5,0.38,0.5,0.5,94.6,34.0,3748.465467
25.0,0.5,0.38,0.5,0.5,77.4,16.0,6608.041629
25.0,0.5,0.38,0.5,0.5,77.4,1.0,7565.211237
25.0,0.5,0.38,0.5,0.5,69.7,16.0,5911.49359
25.0,0.5,0.38,0.5,0.5,69.7,1.0,6543.971817
25.0,0.5,0.38,0.5,0.5,77.4,24.0,5916.862241
25.0,0.5,0.38,0.5,0.5,77.4,34.0,5597.022161
25.0,0.5,0.38,0.5,0.5,69.7,24.0,5739.680287
25.0,0.5,0.38,0.5,0.5,69.7,34.0,4641.001514
25.0,0.5,0.38,0.5,0.63,86.0,16.0,6948.2288
25.0,0.5,0.38,0.5,0.63,86.0,1.0,7236.090253
25.0,0.5,0.38,0.5,0.63,94.6,16.0,6327.477365
25.0,0.5,0.38,0.5,0.63,94.6,1.0,7071.833949
25.0,0.5,0.38,0.5,0.63,86.0,24.0,5755.700162
25.0,0.5,0.38,0.5,0.63,86.0,34.0,4926.279024
25.0,0.5,0.38,0.5,0.63,94.6,24.0,4575.769909
25.0,0.5,0.38,0.5,0.63,94.6,34.0,4201.435956
25.0,0.5,0.38,0.5,0.63,77.4,16.0,6909.429998
25.0,0.5,0.38,0.5,0.63,77.4,1.0,6842.760562
25.0,0.5,0.38,0.5,0.63,69.7,16.0,5865.384715
25.0,0.5,0.38,0.5,0.63,69.7,1.0,6467.654764
25.0,0.5,0.38,0.5,0.63,77.4,24.0,6591.781181
25.0,0.5,0.38,0.5,0.63,77.4,34.0,6150.842053
25.0,0.5,0.38,0.5,0.63,69.7,24.0,5544.621725
25.0,0.5,0.38,0.5,0.63,69.7,34.0,4644.601168
25.0,0.5,0.38,0.5,0.75,86.0,16.0,6754.448935
25.0,0.5,0.38,0.5,0.75,86.0,1.0,7423.469876
25.0,0.5,0.38,0.5,0.75,94.6,16.0,6347.560759
25.0,0.5,0.38,0.5,0.75,94.6,1.0,7415.894412
25.0,0.5,0.38,0.5,0.75,86.0,24.0,6097.442847
25.0,0.5,0.38,0.5,0.75,86.0,34.0,5033.685563
25.0,0.5,0.38,0.5,0.75,94.6,24.0,5009.962222
25.0,0.5,0.38,0.5,0.75,94.6,34.0,3901.989548
25.0,0.5,0.38,0.5,0.75,77.4,16.0,6919.34518
25.0,0.5,0.38,0.5,0.75,77.4,1.0,7771.010274
25.0,0.5,0.38,0.5,0.75,69.7,16.0,6034.642135
25.0,0.5,0.38,0.5,0.75,69.7,1.0,6189.779795
25.0,0.5,0.38,0.5,0.75,77.4,24.0,6515.305873
25.0,0.5,0.38,0.5,0.75,77.4,34.0,5862.805454
25.0,0.5,0.38,0.5,0.75,69.7,24.0,5945.89951
25.0,0.5,0.38,0.5,0.75,69.7,34.0,5330.631336
25.0,0.5,0.38,0.63,0.5,86.0,16.0,6707.592585
25.0,0.5,0.38,0.63,0.5,86.0,1.0,7007.66825
25.0,0.5,0.38,0.63,0.5,94.6,16.0,6594.044595
25.0,0.5,0.38,0.63,0.5,94.6,1.0,6687.259259
25.0,0.5,0.38,0.63,0.5,86.0,24.0,5605.221001
25.0,0.5,0.38,0.63,0.5,86.0,34.0,4710.858646
25.0,0.5,0.38,0.63,0.5,94.6,24.0,4418.44126
25.0,0.5,0.38,0.63,0.5,94.6,34.0,3631.905444
25.0,0.5,0.38,0.63,0.5,77.4,16.0,6663.000678
25.0,0.5,0.38,0.63,0.5,77.4,1.0,7184.013843
25.0,0.5,0.38,0.63,0.5,69.7,16.0,6292.960756
25.0,0.5,0.38,0.63,0.5,69.7,1.0,6374.444297
25.0,0.5,0.38,0.63,0.5,77.4,24.0,6180.951419
25.0,0.5,0.38,0.63,0.5,77.4,34.0,5700.243243
20.0,0.0,0.117,0.409,0.058,86.0,3.77,3923.906282
20.0,0.0,0.202,0.707,0.101,86.0,3.77,5718.408168
20.0,6.64,0.0,0.0,0.0,86.0,3.77,4936.36477
20.0,18.43,0.0,0.0,0.0,86.0,3.77,6131.30938
20.0,6.64,0.065,0.229,0.033,86.0,3.77,5686.121958
20.0,0.537,0.117,0.409,0.058,86.0,3.77,4225.961314
20.0,18.43,0.042,0.147,0.021,86.0,3.77,6276.410544
20.0,0.0,0.042,0.147,0.021,86.0,3.77,1637.704022
20.0,0.0,0.585,0.0,0.0,86.0,3.77,7575.801245
20.0,0.0,0.0,0.585,0.0,86.0,3.77,2605.696759
20.0,0.0,0.0,0.0,0.585,86.0,3.77,4254.825135
20.0,0.0,0.293,0.234,0.058,86.0,3.77,5449.421199
20.0,0.0,0.058,0.409,0.117,86.0,3.77,3471.192143
10.0,0.537,0.117,0.409,0.058,86.0,3.77,5333.873335
40.0,0.537,0.117,0.409,0.058,86.0,3.77,3373.436842
20.0,0.537,0.117,0.409,0.058,86.0,24.0,4203.027624
20.0,0.537,0.117,0.409,0.058,89.0,3.77,4166.299735
20.0,0.537,0.117,0.409,0.058,89.0,24.0,3943.131681
